{
	"version": "0.2.0",
	"configurations": [
		{
			"name": "(gdb) Launch",
			"type": "cppdbg",
			"request": "launch",
			"program": "${workspaceFolder}/test.out",	//★ Edit
			"args": [],
			"stopAtEntry": true,					//★ Edit(as you like)
			"cwd": "${workspaceFolder}",
			"environment": [],
			"externalConsole": false,
			"MIMode": "gdb",
			"miDebuggerPath": "arm-buildroot-linux-gnueabi-gdb",		//★ Addition
			"setupCommands": [											//★ Addition
				{"text": "target extended-remote 157.26.100.64:5555"},
				{"text": "file test.out"},
				{"text": "remote put test.out /home/pi/test.out"},
				{"text": "set remote exec-file /home/pi/test.out"}
			]
		}
	]
}